{
  "project_info": {
    "project_number": "771239834780",
    "project_id": "adoppets-59731",
    "storage_bucket": "adoppets-59731.appspot.com"
  },
  "client": [
    {
      "client_info": {
        "mobilesdk_app_id": "1:771239834780:android:cc4611f2c057089d21e959",
        "android_client_info": {
          "package_name": "com.example.adoppets"
        }
      },
      "oauth_client": [
        {
          "client_id": "771239834780-7sp1tuojnh319jtvcdc43j69urbl3md4.apps.googleusercontent.com",
          "client_type": 3
        }
      ],
      "api_key": [
        {
          "current_key": "AIzaSyAW9ULnjFjMTQhGpr54WAtpKg0hClFH6kw"
        }
      ],
      "services": {
        "appinvite_service": {
          "other_platform_oauth_client": [
            {
              "client_id": "771239834780-7sp1tuojnh319jtvcdc43j69urbl3md4.apps.googleusercontent.com",
              "client_type": 3
            }
          ]
        }
      }
    },
    {
      "client_info": {
        "mobilesdk_app_id": "1:771239834780:android:31e6e8c5dd6448d421e959",
        "android_client_info": {
          "package_name": "com.example.myapplication"
        }
      },
      "oauth_client": [
        {
          "client_id": "771239834780-7sp1tuojnh319jtvcdc43j69urbl3md4.apps.googleusercontent.com",
          "client_type": 3
        }
      ],
      "api_key": [
        {
          "current_key": "AIzaSyAW9ULnjFjMTQhGpr54WAtpKg0hClFH6kw"
        }
      ],
      "services": {
        "appinvite_service": {
          "other_platform_oauth_client": [
            {
              "client_id": "771239834780-7sp1tuojnh319jtvcdc43j69urbl3md4.apps.googleusercontent.com",
              "client_type": 3
            }
          ]
        }
      }
    }
  ],
  "configuration_version": "1"
}